Metric,Value
Degree,3.0
Alpha,10.0
Train_RMSE,28203.250348615285
Test_RMSE,35455.50864789746
Train_R2,0.8637656798948078
Test_R2,0.8361095656788063
