Metric,Value
Method,XGBoost
Max_Depth,3
Learning_Rate,0.05
N_Estimators,1000
Train_RMSE,5710.588411013352
Test_RMSE,23967.33910971345
Train_R2,0.994532585144043
Test_R2,0.9251096248626709
